
-- 1. equip_info (设备信息)
INSERT INTO equip_info (equip_id, equip_name, equip_status, valid_time, purchase_date, fix_big, fix_medium, fix_small)
VALUES
    ('EQ001', '钻床', 1, 60, '2023-01-15', 12, 6, 3),
    ('EQ002', '车床', 1, 48, '2023-03-20', 18, 9, 4),
    ('EQ003', '铣床', 1, 72, '2022-11-10', 24, 12, 6),
    ('EQ004', '磨床', 1, 36, '2023-05-05', 15, 8, 4),
    ('EQ005', '冲压机', 0, 84, '2022-09-01', 30, 15, 7),
    ('EQ006', '焊接机', 1, 24, '2023-07-10', 10, 5, 2),
    ('EQ007', '注塑机', 1, 96, '2022-06-15', 36, 18, 9),
    ('EQ008', '切割机', 1, 30, '2023-08-20', 12, 6, 3),
    ('EQ009', '压力机', 1, 54, '2022-12-05', 20, 10, 5),
    ('EQ010', '包装机', 1, 42, '2023-02-28', 16, 8, 4);

-- 2. maintance_info (维护信息)
INSERT INTO maintance_info (plan_id, equip_id, plan_name, maintance_desc, start_time, end_time, maintance_type)
VALUES
    ('PL001', 'EQ001', '钻床月检', '每月例行检查', '2024-10-01 09:00:00', '2024-10-01 17:00:00', '常规'),
    ('PL002', 'EQ002', '车床换油', '季度换油', '2024-11-15 08:00:00', '2024-11-15 12:00:00', '中级'),
    ('PL003', 'EQ003', '铣床年检', '年度全面维护', '2025-01-10 08:00:00', '2025-01-14 17:00:00', '大修'),
    ('PL004', 'EQ004', '磨床调试', '半年度调试', '2024-12-05 09:00:00', '2024-12-05 18:00:00', '中级'),
    ('PL005', 'EQ005', '冲压机修复', '故障修复', '2024-10-20 08:00:00', '2024-10-22 17:00:00', '大修'),
    ('PL006', 'EQ006', '焊接机检查', '季度检查', '2024-11-01 13:00:00', '2024-11-01 17:00:00', '常规'),
    ('PL007', 'EQ007', '注塑机大修', '两年一次大修', '2025-02-01 08:00:00', '2025-02-10 17:00:00', '大修'),
    ('PL008', 'EQ008', '切割机维护', '月度维护', '2024-10-10 09:00:00', '2024-10-10 15:00:00', '常规'),
    ('PL009', 'EQ009', '压力机校准', '年度校准', '2025-01-05 08:00:00', '2025-01-07 17:00:00', '中级'),
    ('PL010', 'EQ010', '包装机保养', '季度保养', '2024-11-20 09:00:00', '2024-11-20 16:00:00', '常规');

-- 3. worker_info (工人信息)
INSERT INTO worker_info (worker_id, worker_name, dept, pay_hour)
VALUES
    ('W001', '张三', '维修部', 25.50),
    ('W002', '李四', '工程部', 30.00),
    ('W003', '王五', '维修部', 22.75),
    ('W004', '赵六', '质检部', 28.00),
    ('W005', '钱七', '工程部', 32.50),
    ('W006', '孙八', '维修部', 24.00),
    ('W007', '周九', '质检部', 26.75),
    ('W008', '吴十', '工程部', 31.25),
    ('W009', '郑十一', '维修部', 23.50),
    ('W010', '王十二', '质检部', 27.25);

-- 4. order_info (工单信息)
INSERT INTO order_info (order_id, equip_id, plan_id, deliver_time, start_time, end_time, worker_id)
VALUES
    ('OR001', 'EQ001', 'PL001', '2024-09-30 17:00:00', '2024-10-01 09:00:00', '2024-10-01 17:00:00', 'W001'),
    ('OR002', 'EQ002', 'PL002', '2024-11-14 16:00:00', '2024-11-15 08:00:00', '2024-11-15 12:00:00', 'W002'),
    ('OR003', 'EQ003', 'PL003', '2025-01-09 17:00:00', '2025-01-10 08:00:00', '2025-01-14 17:00:00', 'W003'),
    ('OR004', 'EQ004', 'PL004', '2024-12-04 17:00:00', '2024-12-05 09:00:00', '2024-12-05 18:00:00', 'W004'),
    ('OR005', 'EQ005', 'PL005', '2024-10-19 17:00:00', '2024-10-20 08:00:00', '2024-10-22 17:00:00', 'W005'),
    ('OR006', 'EQ006', 'PL006', '2024-10-31 17:00:00', '2024-11-01 13:00:00', '2024-11-01 17:00:00', 'W006'),
    ('OR007', 'EQ007', 'PL007', '2025-01-31 17:00:00', '2025-02-01 08:00:00', '2025-02-10 17:00:00', 'W007'),
    ('OR008', 'EQ008', 'PL008', '2024-10-09 17:00:00', '2024-10-10 09:00:00', '2024-10-10 15:00:00', 'W008'),
    ('OR009', 'EQ009', 'PL009', '2025-01-04 17:00:00', '2025-01-05 08:00:00', '2025-01-07 17:00:00', 'W009'),
    ('OR010', 'EQ010', 'PL010', '2024-11-19 17:00:00', '2024-11-20 09:00:00', '2024-11-20 16:00:00', 'W010');

-- 5. check_info (检查信息)
INSERT INTO check_info (check_id, equip_id, check_time, worker_id, check_desc)
VALUES
    ('CH001', 'EQ001', '2024-10-01 10:00:00', 'W001', '钻床月度常规检查'),
    ('CH002', 'EQ002', '2024-11-15 09:00:00', 'W002', '车床换油检查'),
    ('CH003', 'EQ003', '2025-01-10 10:00:00', 'W003', '铣床年度大修初检'),
    ('CH004', 'EQ004', '2024-12-05 10:00:00', 'W004', '磨床半年度调试检查'),
    ('CH005', 'EQ005', '2024-10-20 09:00:00', 'W005', '冲压机故障修复检查'),
    ('CH006', 'EQ006', '2024-11-01 14:00:00', 'W006', '焊接机季度例行检查'),
    ('CH007', 'EQ007', '2025-02-01 09:00:00', 'W007', '注塑机大修前检查'),
    ('CH008', 'EQ008', '2024-10-10 10:00:00', 'W008', '切割机月度维护检查'),
    ('CH009', 'EQ009', '2025-01-05 09:00:00', 'W009', '压力机年度校准检查'),
    ('CH010', 'EQ010', '2024-11-20 10:00:00', 'W010', '包装机季度保养检查');

-- 6. checkitem_info (检查项目信息)
INSERT INTO checkitem_info (checkitem_id, checkitem_name, check_id, checkitem_time, checkitem_out)
VALUES
    ('CI001', '油位', 'CH001', '2024-10-01 10:15:00', '正常'),
    ('CI002', '皮带张力', 'CH001', '2024-10-01 10:30:00', '已调整'),
    ('CI003', '油质', 'CH002', '2024-11-15 09:15:00', '已更换'),
    ('CI004', '轴承状态', 'CH003', '2025-01-10 10:30:00', '良好'),
    ('CI005', '砂轮平衡', 'CH004', '2024-12-05 10:45:00', '已校正'),
    ('CI006', '液压系统', 'CH005', '2024-10-20 09:30:00', '已修复'),
    ('CI007', '电极状态', 'CH006', '2024-11-01 14:15:00', '需更换'),
    ('CI008', '螺杆清洁度', 'CH007', '2025-02-01 09:45:00', '已清洁'),
    ('CI009', '刀片锋利度', 'CH008', '2024-10-10 10:20:00', '良好'),
    ('CI010', '压力表准确性', 'CH009', '2025-01-05 09:30:00', '已校准');

-- 7. approval_info (审批信息)

INSERT INTO approval_info (approval_id, plan_id, father_id, applicant_id, manip_time, approval_status, step_order, approval_remark)
VALUES
    ('AP001', 'PL001', NULL, 'U003', '2024-09-25 14:00:00', 1, 1, '钻床月检计划已批准'),
    ('AP002', 'PL001', 'AP001', 'U002', '2024-09-26 10:30:00', 1, 2, '确认安排人员执行'),
    ('AP003', 'PL002', NULL, 'U004', '2024-11-10 11:00:00', 1, 1, '车床换油计划已批准'),
    ('AP004', 'PL002', 'AP003', 'U002', '2024-11-11 09:15:00', 1, 2, '已安排技术人员准备所需油料'),
    ('AP005', 'PL003', NULL, 'U003', '2024-12-20 10:00:00', 0, 1, '铣床年检计划需要调整时间'),
    ('AP006', 'PL004', NULL, 'U004', '2024-11-25 09:30:00', 1, 1, '磨床调试计划已批准'),
    ('AP007', 'PL004', 'AP006', 'U002', '2024-11-26 14:00:00', 1, 2, '确认调试所需工具已准备'),
    ('AP008', 'PL005', NULL, 'U003', '2024-10-15 13:45:00', 1, 1, '冲压机修复计划已批准'),
    ('AP009', 'PL005', 'AP008', 'U002', '2024-10-16 10:00:00', 1, 2, '已联系外部专家协助修复'),
    ('AP010', 'PL006', NULL, 'U004', '2024-10-25 11:20:00', 0, 1, '焊接机检查计划需要补充详细检查项目');



-- 7. user_info
INSERT INTO user_info (user_id, username, userpwd)
VALUES
    ('U001', 'admin', 'password123'),
    ('U002', 'manager', 'password123'),
    ('U003', 'technician', 'password123');

-- 8. role_info
INSERT INTO role_info (role_id, role_name, role_desc)
VALUES
    ('R001', 'Administrator', 'Full system access'),
    ('R002', 'Manager', 'Maintenance management'),
    ('R003', 'Technician', 'Maintenance execution');

-- 9. menu_info
INSERT INTO menu_info (menu_id, parent_id, menu_url, menu_icon, menu_order, permission)
VALUES
    ('M001', NULL, '/dashboard', 'dashboard-icon', '1', 'view_dashboard'),
    ('M002', NULL, '/equipment', 'equipment-icon', '2', 'manage_equipment'),
    ('M003', 'M002', '/equipment/add', 'add-icon', '1', 'add_equipment');


-- 11. user_role
INSERT INTO user_role (ur_id, user_id, role_id)
VALUES
    ('UR001', 'U001', 'R001'),
    ('UR002', 'U002', 'R002'),
    ('UR003', 'U003', 'R003');

-- 12. role_menu
INSERT INTO role_menu (rm_id, role_id, menu_id)
VALUES
    ('RM001', 'R001', 'M001'),
    ('RM002', 'R001', 'M002'),
    ('RM003', 'R001', 'M003'),
    ('RM004', 'R002', 'M001'),
    ('RM005', 'R002', 'M002'),
    ('RM006', 'R003', 'M001');